GEONAME,Pop_Tot,Prop_18y,Prop_64y,Prop_65y+,Prop_Blk,Prop_Lat,Prop_Whi,Prop_Asi,Prop_Ami,Prop_NHO,Prop_FPL1,Prop_FPL2,Prop_forb,Prop_Eng,LE,Prop_prsc,Prop_3rdg,Prop_edLH,Prop_edHG,Prop_edSC,Prop_edCG,MHI,No_libr,Prop_empl,Prop_emsu,Prop_vote,Rte_resp,Prop_PA,Prop_groc,Prop_60mi,No_farm,No_EBT,Prop_foin,No_CalF,Rte_CalF,Prop_FRPM,Prop_obse,Prop_DM,Rte_coin,Rte_brin,Prop_smok,Rte_luca,Rte_COPD,Rte_CVD,Prop_hbu1,Prop_hbu2,Prop_ownr,Prop_rentr,No_hless,Prop_asth,Rte_crim,Rte_hom,Rte_alco,Propt_envi,No_gasw,Rte_te17,Rte_te19,Prop_LBW,Rte_IMR,Prop_1stt,Prop_depr,Rte_suic,Rte_UOD,Rte_syin,Rte_goin,Rte_hiv,Prop_uinC,Prop_uinA,Prop_duinC,Prop_duinA,Propt_HPI,Rte_mein,Rte_cein,Rte_luin,Prop_fru,Prop_bev,Prop_hyp,Prop_marj,Prop_HI,Prop_grad,Prop_trua
Alhambra,86705,0.1831,0.6504,0.1665,0.0133,0.3435,0.0913,0.5498,0.0014,0.0007,0.1303,0.3356,0.5021,0.2112,84.55,0.665,0.5353,0.1934,0.228,0.2497,0.3289,53582,1,0.94,0.385,0.6235,0.7706,0.2731,0.5239,0.111,1,1,**,"15,799",0.3300,0.6598,0.1358,0.1040,45.7963,125.9019,0.1272,25.4872,21.7535,170.914,0.447,0.232,0.404,0.596,64,0.0449,168,**,12,6,2,2.1042,9.1180,0.0815,3.1022,0.8614,0.0523,7,3,14,66,208,0.0598,0.207,0.0929,0.2291,43.3,**,**,34.6,0.2,0.2,0.2,0.1,0.0,1.0,0.1
Altadena,42525,0.2072,0.6221,0.1707,0.2374,0.2905,0.4129,0.0553,0.0019,0.002,0.0988,0.2281,0.2021,0.0379,82.11,0.74,0.3942,0.105,0.1397,0.2918,0.4635,86050,2,0.92,0.7335,0.736,1.0975,0.3482,0.4524,0.12,1,1,**,-,-,0.559,0.2441,0.1358,38.3670,189.2143,0.1129,25.2189,28.4887,211.035,0.401,0.193,0.719,0.281,58,0.0915,162,**,6,62,0,3.9610,7.6173,0.0703,**,0.8859,0.1099,10,8,19,119,330,0.0333,0.1745,0.0660,0.0924,75.5,33.8,**,35.3,0.1,0.3,0.3,0.2,0.1,0.9,0.4
Arcadia,56992,0.1794,0.6389,0.1817,0.0115,0.125,0.2304,0.6315,0.0014,0.0003,0.0774,0.2042,0.4877,0.1888,85.42,0.675,0.7927,0.0789,0.1601,0.243,0.518,79934,1,0.941,0.5691,0.6271,1.9654,0.2662,0.511,0.131,0,0,**,"6,638",0.1800,0.2066,0.0570,0.0819,32.9547,145.2497,0.1285,22.5416,22.0580,173.371,0.402,0.214,0.596,0.404,12,**,146,**,19,27,2,**,**,0.059,**,0.8588,0.0493,9,**,8,46,56,0.0564,0.1245,0.1232,0.1876,73.4,22.0,**,29.5,0.1,0.2,0.2,0,0.0,1.0,0.1
Azusa,49479,0.2507,0.6538,0.0956,0.0292,0.6838,0.1938,0.0895,0.0024,0.0013,0.1636,0.3935,0.3082,0.1156,81.16,0.439,0.339,0.2232,0.2932,0.2873,0.1962,53135,1,0.927,0.6201,0.6569,1.0168,0.3759,0.5997,0.121,0,0,0.2006,"8,868",0.5800,0.806,0.2607,0.1198,31.3309,134.9485,0.1174,34.8652,33.1891,218.754,0.474,0.24,0.527,0.473,55,0.0660,354,6,14,48,0,3.5084,9.2802,0.0681,**,0.881,0.0895,8,**,27,116,196,0.0708,0.2404,0.1117,0.1918,34.2,**,**,29.7,0.1,0.4,0.2,0.1,0.0,0.9,0
Baldwin Park,74438,0.2623,0.633,0.1047,0.0099,0.7934,0.0432,0.1514,0.0012,0.0008,0.1591,0.4116,0.4453,0.1908,82.99,0.47,0.3227,0.374,0.317,0.1962,0.1128,51742,1,0.898,0.5712,0.6318,0.3406,0.3164,0.5444,0.125,1,1,0.2531,"14,206",0.7400,0.8729,0.2652,0.1307,43.8584,110.0378,0.1045,28.2446,31.2708,195.522,0.498,0.227,0.572,0.428,111,0.0904,391,5,10,9,0,7.3997,20.1220,0.0856,4.1881,0.8827,0.0544,**,5,21,98,171,0.0582,0.3259,0.0704,0.1874,22.3,**,**,26.5,0.1,0.4,0.3,0.1,0.0,1.0,0.4
Bell,36595,0.2893,0.6249,0.0857,0.0061,0.9286,0.0569,0.0063,0.002,0,0.2588,0.6647,0.4271,0.2669,85.13,0.516,0.3996,0.526,0.2014,0.1999,0.0726,37269,1,0.898,0.5668,0.5949,0.179,0.3109,0.84,0.109,0,0,**,"9,999",0.6200,0.8783,0.2578,0.1154,**,83.4336,0.1007,14.3564,24.8039,185.426,0.61,0.289,0.276,0.724,477,0.0900,637,**,13,45,8,7.1903,20.7412,0.0547,6.0196,0.8531,0.0755,**,**,28,96,238,0.0956,0.3944,0.0917,0.2622,10.4,**,**,**,0.1,0.4,0.2,0.1,0.0,0.9,0.4
Bell Gardens,42817,0.3026,0.6274,0.07,0.005,0.9584,0.028,0.0055,0.0022,0.0008,0.2693,0.6934,0.4291,0.2324,82.04,0.387,0.2544,0.5573,0.2447,0.1444,0.0536,37882,1,0.91,0.5962,0.6262,1.6529,0.2853,0.6476,0.088,0,0,**,"13,611",0.5700,0.8616,0.2860,0.1225,**,97.3729,0.0787,22.6937,31.7055,213.819,0.603,0.299,0.229,0.771,104,0.0708,362,7,14,53,1,8.6491,23.2702,0.0567,5.3696,0.8629,0.0983,**,**,28,141,249,0.1189,0.4379,0.0830,0.2766,4.1,**,**,**,0.1,0.4,0.2,0.1,0.0,0.9,0.2
Bellflower,76057,0.2529,0.6383,0.1088,0.1507,0.5185,0.1939,0.1258,0.0031,0.008,0.161,0.411,0.2921,0.1100,79.97,0.502,0.3391,0.2239,0.2887,0.3211,0.1663,48823,1,0.921,0.5926,0.6212,0.5783,0.3432,0.6473,0.118,1,1,0.2101,"16,288",0.6100,0.8131,0.2469,0.1252,34.1840,125.1093,0.1236,32.3806,44.7159,245.325,0.506,0.252,0.392,0.608,241,0.1210,515,6,12,58,6,5.9556,17.0547,0.0669,2.2706,0.8343,0.0631,8,7,27,180,228,0.0747,0.2479,0.0846,0.1491,27.9,14.7,**,39.3,0.2,0.5,0.4,0.1,0.0,1.0,0.1
Beverly Hills,34652,0.1574,0.6406,0.2021,0.0209,0.0591,0.8212,0.0976,0.0009,0.0003,0.0801,0.1604,0.3841,0.1077,86.4,0.865,0.7148,0.0505,0.128,0.2106,0.6109,97327,1,0.926,0.7946,0.6971,2.6984,0.4601,0.7074,0.049,1,1,0.1682,"3,124",0.2200,0.081,**,**,32.9537,193.4906,0.1013,22.7174,13.5569,138.562,0.461,0.261,0.412,0.588,16,0.0680,306,**,46,43,34,**,**,0.0734,**,0.9444,0.1924,8,**,28,178,661,0.0463,0.1136,**,0.1591,88.1,51.2,**,34.5,0.2,0.1,0.4,0.2,0.0,1.0,0.2
Burbank,104692,0.182,0.6683,0.1497,0.0249,0.2551,0.5918,0.1256,0.0018,0.0007,0.092,0.1665,0.3399,0.0977,82.38,0.646,0.6266,0.1133,0.1816,0.3219,0.3831,66076,3,0.924,0.7382,0.6991,8.2215,0.3791,0.6632,0.091,1,1,0.1494,"12,924",0.4500,0.3271,0.1746,0.0714,44.6239,169.5883,0.1367,32.2028,28.5550,201.684,0.47,0.237,0.407,0.593,167,0.0598,201,**,22,5,3,**,3.5168,0.0731,2.9756,0.8618,0.099,8,6,22,99,268,0.0554,0.1817,0.1022,0.149,62.2,20.3,**,42.7,0.2,0.3,0.2,0.2,0.0,1.0,0.2
Calabasas,24182,0.2031,0.6378,0.1591,0.0152,0.0662,0.8261,0.0911,0.0013,0.0002,0.0562,0.1255,0.2618,0.0360,85.94,0.891,0.6655,0.0302,0.1202,0.2129,0.6367,106050,1,0.942,0.7923,0.7553,3.2629,0.3828,0.2029,0.206,1,1,**,"2,141",0.1800,0.0864,0.1094,**,**,203.2586,0.0867,18.3726,20.6233,127.516,0.512,0.273,0.702,0.298,0,**,62,**,19,85,9,**,**,0.0952,**,0.9493,0.1412,**,**,-,47,-,0.053,0.0683,0.1819,0.0629,91.6,58.7,**,32.0,0.1,0.2,0.2,0.1,0.0,1.0,0.1
Carson,93739,0.2123,0.6251,0.1626,0.2261,0.3963,0.0726,0.2757,0.0016,0.0276,0.0933,0.2366,0.3489,0.0895,81.32,0.575,0.3943,0.2043,0.2207,0.3311,0.2439,72421,2,0.895,0.7791,0.6214,1.5635,0.2853,0.5553,0.095,1,1,**,"11,547",0.6600,0.7483,0.4100,0.1274,39.4651,163.9927,0.1387,31.9024,24.3131,240.486,0.4,0.175,0.758,0.242,369,0.1288,539,7,10,88,585,2.6302,10.9416,0.0534,5.3619,0.8226,0.057,6,5,22,160,247,0.068,0.1984,0.0862,0.1798,58.0,**,**,45.6,0.1,0.4,0.3,0.1,0.0,0.9,0.4
Cerritos,49250,0.1645,0.6091,0.2264,0.0696,0.1253,0.1562,0.6453,0.0011,0.0025,0.0398,0.0891,0.4471,0.1142,87.17,0.648,0.6811,0.0831,0.1464,0.2886,0.4819,90321,1,0.945,0.67,0.6752,3.5413,0.2409,0.6596,0.128,1,1,**,"2,558",0.4000,0.3473,0.2342,0.0948,29.6165,147.7139,0.1277,23.2584,21.2042,166.02,0.355,0.15,0.791,0.209,27,0.0738,225,**,16,83,4,**,**,0.0588,**,0.8871,0.041,7,**,-,36,52,0.0643,0.1344,**,0.1425,79.7,13.2,**,36.5,0.1,0.3,0.2,0,0.0,1.0,0.2
Claremont,36121,0.1511,0.6661,0.1828,0.0445,0.2041,0.6072,0.1409,0.0021,0.001,0.0631,0.1195,0.1956,0.0462,83.76,0.739,0.6348,0.0679,0.1059,0.264,0.5622,88523,1,0.931,0.7769,0.7288,3.4392,0.4057,0.4345,0.139,1,1,0.1646,"2,676",0.4000,0.3541,0.2753,0.0920,32.2663,157.9290,0.1102,16.7379,30.6704,204.4231,0.38,0.168,0.659,0.341,27,0.0902,163,**,18,1,1,**,**,0.0548,**,0.8935,0.1043,10,5,-,41,118,0.0584,0.0828,0.0480,0.1043,78.3,39.9,**,23.5,0.2,0.1,0.3,0.2,0.0,1.0,0.2
Compton,100952,0.3002,0.6156,0.0842,0.3118,0.6684,0.008,0.0022,0.002,0.0076,0.2525,0.5794,0.304,0.1131,77.14,0.458,0.34,0.3992,0.2588,0.2691,0.0729,43507,1,0.882,0.623,0.5683,0.6071,0.3203,0.6898,0.113,0,0,0.2510,"25,396",0.9500,0.8131,0.3991,0.1167,38.8687,125.0410,0.1221,38.0189,34.7437,279.073,0.546,0.286,0.537,0.463,500,0.0823,1118,21,8,61,89,12.0595,30.5257,0.0781,7.0093,0.8355,0.0594,5,4,28,307,397,0.0778,0.3143,0.0814,0.2296,9.0,**,**,45.6,0.1,0.6,0.3,0.1,0.1,0.9,0.3
Covina,49132,0.22,0.643,0.1369,0.0393,0.5338,0.2989,0.1235,0.0027,0.0018,0.1058,0.3078,0.2257,0.0563,81.99,0.601,0.5051,0.1402,0.2309,0.3702,0.2587,64813,1,0.914,0.6739,0.6769,1.2059,0.3553,0.7041,0.172,0,0,0.2548,"5,671",0.7300,0.6384,0.2623,0.1187,48.7307,132.1902,0.1268,30.8841,42.3529,220.575,0.46,0.194,0.563,0.437,53,0.0946,334,**,19,30,2,5.0832,9.0111,0.0876,**,0.8979,0.0716,11,6,17,108,242,0.0338,0.1727,0.0971,0.159,51.7,22.1,**,45.6,0.2,0.4,0.3,0.1,0.0,1.0,0.4
Cudahy,24526,0.3009,0.6292,0.0699,0.0096,0.9585,0.0245,0.0049,0.0022,0.0003,0.2996,0.7451,0.4631,0.3028,85.5,0.53,0.1616,0.5712,0.2217,0.1607,0.0464,36429,1,0.901,0.5525,0.5773,0.6756,0.2835,0.8685,0.12,0,0,**,"8,099",0.6900,0.8735,0.3199,0.1014,**,**,0.0879,**,**,178.25,0.594,0.306,0.162,0.838,119,0.0885,310,**,9,64,2,10.0034,19.6620,0.0767,**,0.8497,0.1121,**,**,23,108,286,0.0924,0.456,**,0.2666,11.1,**,**,**,0.2,0.6,0.2,0.1,0.0,0.9,0.4
Culver City,40351,0.1871,0.6403,0.1726,0.0967,0.2358,0.5031,0.1605,0.0017,0.0022,0.0751,0.1395,0.23,0.0498,82.42,0.765,0.6426,0.078,0.1146,0.2733,0.5341,81189,1,0.936,0.7355,0.7657,2.7826,0.3683,0.7078,0.054,0,0,0.1202,"4,216",0.3200,0.3061,0.2200,0.0735,46.0762,159.5757,0.0845,27.5182,24.8045,199.1613,0.397,0.203,0.551,0.449,122,0.0927,528,**,38,44,141,**,**,0.0866,**,0.9238,0.1076,6,**,16,104,234,0.0343,0.1336,**,0.1239,81.1,28.6,**,37.7,0.2,0.2,0.4,0.2,0.0,1.0,0.2
Diamond Bar,57128,0.1682,0.6676,0.1641,0.0394,0.2023,0.2051,0.5504,0.0012,0.0016,0.0527,0.1565,0.4244,0.1325,85.4,0.753,0.6937,0.0786,0.1444,0.2678,0.5092,89221,1,0.925,0.679,0.6789,5.0352,0.2794,0.315,0.181,0,0,**,"4,290",0.3000,0.2095,0.2552,0.0875,40.8312,138.8597,0.1105,19.2937,16.7680,157.551,0.388,0.182,0.779,0.221,6,0.0379,116,**,12,28,9,**,**,0.0535,**,0.8797,0.0463,6,**,8,56,49,0.0568,0.1516,**,0.1361,74.8,17.3,**,29.9,0.1,0.3,0.2,0,0.0,1.0,0.2
Downey,113812,0.2404,0.6391,0.1205,0.0373,0.7163,0.1725,0.0705,0.0019,0.0015,0.1093,0.3624,0.3444,0.1078,82.28,0.579,0.5045,0.2388,0.2496,0.2979,0.2137,62897,1,0.937,0.6288,0.6615,0.8987,0.3573,0.6441,0.098,2,2,0.1612,"16,345",0.5800,0.6772,0.2790,0.0997,40.6136,132.7150,0.1057,24.1366,33.6580,199.459,0.476,0.216,0.508,0.492,209,0.0761,328,6,14,45,24,4.5727,11.1460,0.0707,2.8345,0.8534,0.0546,6,4,17,98,248,0.0926,0.2389,0.1183,0.1582,48.9,18.0,**,32.8,0.2,0.4,0.2,0.1,0.0,0.9,0.3
East Los Angeles,125802,0.2859,0.614,0.1001,0.0029,0.9691,0.0185,0.008,0.0014,0.0001,0.2642,0.6581,0.4201,0.2539,82.74,0.462,0.305,0.5332,0.226,0.1793,0.0615,38766,4,0.886,0.5668,0.6156,0.727,0.3341,0.5296,0.092,1,1,0.2774,-,-,0.88,0.2778,0.0934,35.5877,107.0034,0.1197,15.0779,19.1737,196.955,0.52,0.27,0.336,0.664,288,0.0694,480,9,12,3,13,11.2604,24.8505,0.0679,4.8690,0.8548,0.0764,3,6,29,109,341,0.1287,0.4284,0.1159,0.3261,6.2,**,**,16.6,0.1,0.6,0.2,0.1,**,0.7,0.3
El Monte,113636,0.2595,0.6259,0.1146,0.0046,0.6863,0.0459,0.2612,0.0012,0.0008,0.2233,0.5251,0.5027,0.3411,83.73,0.348,0.3464,0.422,0.2728,0.1883,0.1169,38085,2,0.91,0.4634,0.5985,0.4043,0.2928,0.6775,0.125,0,0,0.2546,"28,939",0.8100,0.9134,0.2377,0.1236,40.2272,96.2295,0.1708,26.0729,29.5670,175.216,0.564,0.308,0.403,0.597,269,0.0808,394,5,10,17,4,8.8246,25.4412,0.0609,4.0423,0.8794,0.0473,7,6,26,103,265,0.0625,0.3901,0.1308,0.2863,11.8,**,**,36.2,0.1,0.5,0.2,0.1,**,0.9,0.3
Florence-Graham,65822,0.3145,0.6147,0.0708,0.0893,0.9012,0.0074,0.0011,0.0007,0.0002,0.31,0.8009,0.4329,0.2654,81.35,0.446,0.2903,0.5855,0.2333,0.1368,0.0444,33934,2,0.906,0.56,0.5415,1.0327,0.2987,0.9701,0.133,0,0,0.2669,-,-,0.9171,0.3126,0.1116,**,68.8508,0.0943,27.5802,24.0950,234.991,0.621,0.359,0.342,0.658,543,0.0839,801,13,13,37,0,14.3885,35.4070,0.0692,4.6823,0.8224,0.0653,5,4,32,217,390,0.0973,0.4163,0.1008,0.2772,2.7,**,**,28.3,0.1,0.5,0.2,0.1,0.1,0.9,0.4
Gardena,60677,0.215,0.6208,0.1642,0.2395,0.3927,0.0911,0.2682,0.0016,0.0068,0.1401,0.2806,0.3372,0.1451,83.14,0.585,0.4269,0.1818,0.2703,0.3161,0.2318,47674,2,0.909,0.5511,0.6081,0.8815,0.3079,0.7461,0.076,1,1,0.1637,"10,190",0.6300,0.8264,0.2770,0.0991,41.5258,137.5013,0.1694,30.0268,26.9784,208.034,0.5,0.249,0.512,0.488,186,0.1100,557,9,26,76,9,4.3985,14.5151,0.0768,5.7971,0.8339,0.0584,5,5,20,182,313,0.0768,0.2485,0.1018,0.1901,41.9,**,**,38.7,0.1,0.5,0.3,0.1,**,0.8,0.4
Glendale,201604,0.169,0.6548,0.1762,0.012,0.1755,0.6382,0.1727,0.001,0.0005,0.1318,0.2943,0.5444,0.2522,83.72,0.619,0.5486,0.1564,0.1908,0.2738,0.379,52574,8,0.913,0.7561,0.6266,8.3736,0.3518,0.7505,0.098,1,0,**,"32,146",0.6300,0.5596,0.1516,0.0716,45.7181,148.4812,0.1632,27.8965,24.4717,181.471,0.531,0.3,0.353,0.647,240,0.0640,113,1,17,1,0,1.4771,4.5868,0.068,3.5200,0.8887,0.098,7,4,21,74,274,0.0635,0.2182,0.1145,0.145,46.1,15.5,7.8,37.4,0.1,0.3,0.2,0.2,**,0.9,0.2
Glendora,52231,0.1942,0.643,0.1628,0.0164,0.3181,0.5811,0.0817,0.0019,0.0008,0.0784,0.1503,0.1653,0.0410,80.9,0.652,0.6205,0.0985,0.1888,0.3878,0.325,75148,1,0.924,0.7731,0.7426,1.3558,0.371,0.4304,0.179,0,0,**,"5,725",0.4100,0.2895,0.3262,0.1045,37.3048,151.2367,0.1253,28.9930,46.2529,228.829,0.408,0.181,0.689,0.311,270,0.0729,134,**,13,57,0,**,4.1010,0.094,**,0.8801,0.106,8,9,12,62,54,0.0306,0.1261,0.1210,0.137,68.5,39.9,**,37.3,0.1,0.2,0.3,0.1,0.0,1.0,0.1
Hacienda Heights,55018,0.1853,0.6291,0.1856,0.0121,0.4616,0.1375,0.3863,0.0011,0.0014,0.0688,0.2101,0.4174,0.1764,86,0.519,0.5679,0.142,0.2175,0.2816,0.3589,78039,1,0.944,0.5112,0.6747,5.292,0.3174,0.2674,0.17,0,0,**,-,-,0.579,0.2631,0.1174,40.6415,120.8066,0.1593,20.5686,15.2852,156.03,0.399,0.168,0.769,0.231,220,0.0651,169,**,9,31,45,2.5483,7.2202,0.0569,**,0.8892,0.0492,5,**,11,53,41,0.0533,0.1948,0.0989,0.164,60.1,13.3,**,27.5,0.1,0.3,0.3,0,0.0,0.9,0.2
Hawthorne,87772,0.2627,0.6418,0.0954,0.2813,0.5288,0.1069,0.0687,0.0021,0.0123,0.1863,0.4591,0.3477,0.1339,80.43,0.451,0.4374,0.2619,0.2454,0.3023,0.1904,44504,2,0.929,0.5499,0.6251,0.5395,0.334,0.8672,0.109,0,0,0.1904,"19,198",0.6400,0.7611,0.2351,0.1182,32.7702,141.3439,0.1131,28.9169,31.6675,244.015,0.529,0.269,0.266,0.734,100,0.0947,745,9,11,69,66,4.7716,15.5419,0.0961,4.8975,0.8365,0.0793,8,8,25,201,411,0.0888,0.2963,0.1143,0.1298,29.3,**,**,37.8,0.2,0.4,0.3,0.2,0.0,0.7,0.4
Huntington Park,59509,0.2832,0.6317,0.0852,0.004,0.9713,0.0182,0.0058,0.0005,0.0002,0.2732,0.7259,0.4896,0.3153,83.19,0.544,0.354,0.5865,0.1939,0.162,0.0576,34887,1,0.893,0.5476,0.6033,0.8334,0.2833,0.8284,0.122,1,1,0.2509,"18,312",0.5500,0.899,0.2987,0.0924,37.9726,88.8007,0.1025,14.3111,18.3194,198.152,0.624,0.324,0.24,0.76,83,0.0493,778,6,16,52,1,10.7114,21.5827,0.0515,6.2543,0.8648,0.0855,**,**,31,131,441,0.0815,0.4198,0.1127,0.2966,4.8,**,**,**,0.1,0.6,0.2,0.1,**,0.9,0.4
Inglewood,116361,0.2464,0.639,0.1146,0.4279,0.5273,0.0272,0.0123,0.0019,0.0034,0.2066,0.3893,0.2782,0.1121,81,0.576,0.2652,0.2747,0.2058,0.3375,0.182,42044,2,0.883,0.6817,0.5963,0.8031,0.337,0.6384,0.114,1,1,0.2461,"27,520",0.6000,0.7838,0.3211,0.1239,36.2575,129.7539,0.1565,29.9203,26.1687,260.547,0.563,0.299,0.351,0.649,502,**,713,15,13,74,129,5.4230,17.0578,0.0787,5.1698,0.8355,0.0746,4,5,38,270,535,0.0936,0.2925,0.1194,0.1595,27.2,**,**,42.4,0.2,0.5,0.3,0.2,0.1,0.7,0.3
La Mirada,49465,0.1869,0.6485,0.1646,0.021,0.4062,0.3773,0.1902,0.0027,0.0025,0.0555,0.1708,0.2458,0.0893,82.87,0.56,0.5844,0.1125,0.2335,0.3562,0.2978,79330,1,0.938,0.6816,0.7178,3.8743,0.3439,0.4794,0.087,0,0,0.1115,"4,505",0.4000,0.4749,0.4034,0.0922,37.0812,173.6206,0.1267,32.2079,28.7413,192.967,0.383,0.167,0.774,0.226,33,0.0723,172,**,11,79,119,**,3.8446,0.0628,**,0.9157,0.0764,9,7,12,61,70,0.0798,0.1388,0.0548,0.1013,65.0,30.4,**,50.3,0.1,0.2,0.3,0.1,0.0,1.0,0.2
La Puente,40377,0.2548,0.6347,0.1105,0.0117,0.8491,0.0473,0.089,0.0021,0.0008,0.1289,0.3765,0.4093,0.1638,83.46,0.299,0.3843,0.3954,0.2954,0.2171,0.0921,56512,2,0.93,0.5836,0.6518,0.5398,0.3255,0.481,0.124,0,0,**,"5,339",0.0000,0.8715,0.3235,0.1197,36.2311,140.5173,0.1137,20.5912,26.7327,174.94,0.446,0.202,0.574,0.426,49,**,324,**,14,11,11,8.7202,21.2875,0.084,4.5186,0.9043,0.0592,6,7,21,124,235,0.0548,0.3326,0.0752,0.1867,28.6,**,**,29.1,0.1,0.4,0.2,0.1,0.0,1.0,0.2
La Verne,33139,0.1747,0.6301,0.1952,0.0311,0.3266,0.5582,0.0791,0.0032,0.0019,0.0712,0.1383,0.1608,0.0472,84.46,0.563,0.7045,0.089,0.1657,0.3786,0.3667,74631,1,0.941,0.7491,0.7543,2.6564,0.3692,0.3634,0.14,1,1,**,"3,283",0.3900,0.3164,0.4459,0.0713,49.1213,165.6481,0.1281,26.8869,38.3884,204.163,0.371,0.148,0.724,0.276,6,0.0481,124,**,18,7,0,**,4.1379,0.0627,**,0.9182,0.1003,**,**,-,69,49,0.0287,0.109,0.0588,0.0932,67.8,40.6,**,41.1,0.2,0.4,0.4,0.1,0.0,1.0,0.1
Lakewood,78191,0.2161,0.6454,0.1385,0.0925,0.3115,0.4036,0.1802,0.0029,0.0093,0.0743,0.1572,0.213,0.0467,80.56,0.498,0.4899,0.1213,0.226,0.3751,0.2776,79193,2,0.94,0.664,0.6845,2.2199,0.3358,0.7096,0.097,1,1,0.1378,"7,170",0.5700,0.6119,0.3030,0.0985,40.3701,155.0871,0.1423,37.7012,41.1722,227.493,0.392,0.169,0.702,0.298,49,0.0549,285,3,15,89,5,**,10.0488,0.0543,6.4171,0.89,0.0625,9,6,14,97,156,0.0535,0.1506,0.0618,0.1177,65.7,35.2,**,43.9,0.1,0.4,0.3,0.1,0.0,0.9,0.3
Lancaster,156606,0.2697,0.6326,0.0977,0.2191,0.3872,0.3437,0.0439,0.0042,0.0019,0.213,0.3965,0.1328,0.0549,75.85,0.343,0.2785,0.186,0.294,0.3694,0.1506,47225,1,0.905,0.7348,0.6339,1.4164,0.4212,0.3111,0.2,1,1,0.2606,"38,856",0.9100,0.7427,0.2909,0.1321,43.6543,134.9382,0.2149,39.8165,72.0897,294.17,0.439,0.2,0.562,0.438,1055,0.1690,704,6,11,87,6,8.7218,25.2225,0.0863,7.3104,0.7001,0.1271,9,13,14,160,323,0.0874,0.1746,0.1248,0.2576,19.5,20.5,**,57.4,0.2,0.3,0.3,0.2,0.1,0.6,0.3
Lawndale,33381,0.2474,0.6579,0.0946,0.105,0.6036,0.1716,0.1053,0.0028,0.0117,0.165,0.3355,0.3763,0.1510,81.49,0.613,0.3908,0.2996,0.2482,0.2957,0.1565,47540,1,0.939,0.5926,0.6426,0.348,0.358,0.945,0.078,1,0,0.1782,"7,709",0.4500,0.7734,0.2480,0.0980,**,131.6002,0.1404,32.1479,25.9595,198.231,0.547,0.283,0.325,0.675,43,0.0934,581,**,14,78,29,**,14.8173,0.0783,**,0.8219,0.0691,**,**,15,117,338,0.0917,0.3451,0.0987,0.1754,31.4,**,**,38.7,0.2,0.3,0.2,0.2,0.0,0.8,0.4
Long Beach,483509,0.2345,0.6538,0.1118,0.1385,0.423,0.2873,0.1368,0.0029,0.0115,0.1959,0.4047,0.2597,0.0812,80,0.52,0.4624,0.2063,0.1868,0.3149,0.292,52783,12,0.915,0.6846,0.5721,3.0237,0.3533,0.7327,0.122,8,4,0.2793,"100,303",0.6200,0.703,0.2422,0.1167,36.9726,147.2375,0.143,31.6125,40.5143,253.293,0.477,0.236,0.402,0.598,1863,0.0927,589,8,18,66,"5,248",6.0009,16.1772,0.0727,4.0433,0.8515,0.0884,10,8,51,178,935,0.0717,0.2269,0.1207,0.2113,32.8,30.6,9.4,43.9,0.1,0.4,0.3,0.1,0.0,0.8,0.5
Los Angeles Council District  1,274628,0.2332,0.654,0.1128,0.0276,0.706,0.0829,0.181,0.0017,0.0008,0.2981,0.6119,0.5229,0.3497,84.51,0.497,0.3037,0.4296,0.2035,0.1746,0.1923,34896,5,0.908,0.5224,0.59,2.6878,0.3145,0.8857,0.139,2,2,0.2792,-,-,0.868,0.2164,0.1278,32.7962,84.3540,0.1398,21.1897,19.8899,178.432,0.579,0.3,0.182,0.818,1986,0.0413,667,6,12,6,704,8.9148,19.0968,0.0729,3.9712,0.8221,0.0746,6,7,50,220,795,0.1035,0.4317,0.1881,0.2815,9.7,5.5,6.6,24.9,0.1,0.5,0.2,0.1,0.0,0.8,0.3
Los Angeles Council District  2,265068,0.2124,0.6708,0.1168,0.0406,0.468,0.4194,0.0696,0.0015,0.001,0.1749,0.384,0.3859,0.1360,81.57,0.576,0.3832,0.2008,0.2004,0.2619,0.337,52281,5,0.902,0.6859,0.6337,1.4954,0.3862,0.6919,0.134,2,1,0.2358,-,-,0.7669,0.2078,0.0948,36.9783,122.3199,0.1293,27.7897,25.0898,217.322,0.537,0.292,0.338,0.662,1084,0.0693,389,4,14,13,4,5.2356,12.3255,0.068,4.0346,0.8593,0.1037,9,7,46,203,685,0.0907,0.2936,0.1601,0.2058,39.8,5.0,10.6,32.4,0.2,0.4,0.2,0.2,0.0,0.8,0.3
Los Angeles Council District  3,267182,0.2195,0.6425,0.138,0.043,0.3957,0.4297,0.1289,0.0016,0.001,0.1436,0.3469,0.41,0.1482,82.18,0.54,0.4104,0.1888,0.2218,0.2676,0.3218,66266,5,0.93,0.6767,0.6534,2.3828,0.3652,0.6133,0.145,3,3,0.1663,-,-,0.6304,0.2031,0.0802,35.5598,182.8466,0.1428,27.9861,28.8057,206.83,0.516,0.272,0.488,0.512,890,0.0697,413,3,14,40,5,3.8242,12.5203,0.0739,3.5657,0.926,0.091,10,8,17,93,283,0.0721,0.2615,0.1374,0.2193,48.2,52.1,5.7,38.6,0.1,0.4,0.2,0.1,0.0,0.9,0.4
Los Angeles Council District  4,260788,0.1597,0.7003,0.14,0.0456,0.1613,0.631,0.1602,0.0013,0.0007,0.1024,0.2241,0.3071,0.0927,84.52,0.771,0.5908,0.058,0.1202,0.2333,0.5886,77274,6,0.918,0.766,0.7009,16.233,0.4177,0.6961,0.095,5,4,0.1682,-,-,0.5912,0.1515,0.0649,39.1967,163.0670,0.0999,25.8808,17.5400,173.752,0.479,0.261,0.34,0.66,628,0.0664,321,2,19,19,195,1.5596,3.1192,0.077,2.9728,0.8961,0.1239,11,7,89,389,1425,0.0503,0.1834,0.1050,0.1503,72.0,30.4,8.0,39.3,0.2,0.2,0.2,0.2,0.0,0.9,0.3
Los Angeles Council District  5,264057,0.1667,0.6809,0.1524,0.0369,0.1112,0.6914,0.1584,0.0012,0.0009,0.1298,0.2292,0.2961,0.0749,84.93,0.747,0.7028,0.0486,0.1044,0.2169,0.6302,84058,3,0.934,0.7832,0.6897,0.5638,0.423,0.7515,0.061,6,4,0.1456,-,-,0.4727,0.1022,0.0498,38.6325,110.2959,0.0826,24.2115,19.1903,166.882,0.481,0.275,0.39,0.61,913,0.0660,253,**,22,25,526,**,0.7553,0.0643,2.0702,0.9186,0.1303,8,7,36,204,555,0.0332,0.1256,0.0648,0.1557,76.2,9.4,9.4,29.7,0.2,0.1,0.1,0.2,0.0,0.9,0.3
Los Angeles Council District  6,283654,0.2615,0.6456,0.0929,0.0328,0.7193,0.1511,0.0942,0.0017,0.0008,0.2278,0.5432,0.4727,0.2123,82.51,0.465,0.2785,0.3572,0.2435,0.2315,0.1678,45481,3,0.9,0.5951,0.6017,1.7846,0.3298,0.7308,0.157,2,2,0.2337,-,-,0.8313,0.2296,0.1056,38.0136,124.2873,0.1213,24.4389,22.9724,205.702,0.583,0.317,0.375,0.625,1856,0.0662,473,5,10,21,11,8.7208,21.6574,0.081,4.7963,0.8813,0.0624,7,6,26,134,412,0.0877,0.3437,0.1386,0.2495,20.9,8.1,10.1,29.1,0.1,0.5,0.2,0.1,0.0,0.9,0.3
Los Angeles Council District  7,278658,0.2538,0.6354,0.1108,0.0355,0.7098,0.1921,0.0599,0.002,0.0007,0.1747,0.4355,0.3971,0.1369,81.91,0.524,0.3249,0.3172,0.2586,0.2544,0.1697,57352,3,0.912,0.6244,0.6212,2.7606,0.3562,0.4932,0.125,1,1,0.2213,-,-,0.8413,0.2861,0.0981,38.0083,124.3589,0.1431,26.1449,32.2423,222.063,0.531,0.264,0.602,0.398,1206,0.0681,361,5,8,27,32,7.5253,17.4226,0.068,4.7290,0.8376,0.0687,9,6,24,104,227,0.0758,0.2778,0.1070,0.2926,30.7,21.8,8.4,39.6,0.1,0.5,0.2,0.1,0.0,0.8,0.3
Los Angeles Council District  8,252296,0.265,0.632,0.103,0.3996,0.5666,0.0177,0.0137,0.0016,0.0007,0.289,0.5469,0.3198,0.1296,76.87,0.494,0.2436,0.3587,0.2585,0.2705,0.1123,32922,5,0.884,0.6244,0.536,0.5287,0.3564,0.5774,0.137,1,1,0.2853,-,-,0.9006,0.3187,0.1543,39.5921,144.1977,0.1576,36.3397,30.7636,303.839,0.632,0.389,0.373,0.627,1497,0.0851,1498,21,6,32,47,10.5148,28.0394,0.0866,6.3167,0.7764,0.0604,5,9,57,437,726,0.0914,0.3399,0.1239,0.2863,2.0,17.8,8.9,37.3,0.1,0.5,0.3,0.1,0.1,0.8,0.3
Los Angeles Council District  9,285373,0.2983,0.6397,0.062,0.1512,0.7918,0.0319,0.024,0.0009,0.0002,0.3869,0.7041,0.4335,0.2420,80.56,0.427,0.2575,0.5521,0.2351,0.1532,0.0596,28614,5,0.906,0.5347,0.5038,0.332,0.3228,0.8409,0.133,2,2,0.3142,-,-,0.9061,0.3259,0.1304,38.0612,159.7499,0.1085,26.7955,23.9503,232.609,0.683,0.411,0.267,0.733,3458,0.0638,1120,12,9,8,10,9.7750,21.3750,0.0812,5.9478,0.7679,0.08,4,6,34,267,553,0.0876,0.4296,0.1274,0.315,0.0,28.3,6.9,41.6,0.1,0.5,0.2,0.1,0.1,0.8,0.4
Los Angeles Council District 10,275480,0.2209,0.6597,0.1194,0.2543,0.4912,0.0877,0.1643,0.0017,0.0008,0.2257,0.4773,0.4216,0.2146,82.61,0.544,0.2932,0.2609,0.2195,0.2513,0.2683,40218,5,0.904,0.6257,0.5919,0.5691,0.3309,0.8028,0.121,4,4,0.2332,-,-,0.8647,0.2276,0.1345,35.6067,152.4090,0.1354,25.0016,22.8148,227.325,0.574,0.313,0.239,0.761,1112,0.0727,759,9,18,13,194,6.3056,17.5947,0.0796,5.2800,0.809,0.0652,8,7,63,301,900,0.0851,0.377,0.1723,0.2113,21.6,30.0,6.0,36.3,0.1,0.4,0.2,0.2,0.0,0.8,0.4
Los Angeles Council District 11,266594,0.1712,0.6761,0.1527,0.0531,0.1905,0.6229,0.1302,0.0015,0.0019,0.094,0.1818,0.244,0.0542,85.78,0.735,0.612,0.0705,0.0928,0.2201,0.6166,93379,7,0.929,0.7608,0.7234,35.0951,0.4153,0.6777,0.066,10,10,0.1620,-,-,0.4979,0.1039,0.0523,32.6473,186.0488,0.0858,23.9058,17.1349,153.05,0.434,0.227,0.429,0.571,2529,0.0544,330,2,22,41,385,0.9883,2.5255,0.0697,3.4789,0.9186,0.1634,9,7,18,113,320,0.0319,0.1374,0.0838,0.137,84.6,41.2,6.8,37.6,0.2,0.2,0.2,0.2,0.0,0.9,0.3
Los Angeles Council District 12,271125,0.1845,0.6481,0.1673,0.0412,0.2835,0.4787,0.1938,0.0016,0.0012,0.0908,0.229,0.3189,0.0754,82.99,0.671,0.5729,0.0966,0.2028,0.2974,0.4031,80913,5,0.934,0.7159,0.6881,2.4408,0.343,0.4766,0.149,2,2,0.1561,-,-,0.5983,0.2157,0.0696,36.6462,121.0869,0.1218,26.5934,26.5849,201.035,0.475,0.238,0.685,0.315,906,0.0638,284,2,12,36,136,1.3597,5.2183,0.0677,3.4327,0.8968,0.0797,8,8,12,73,164,0.0524,0.1652,0.0824,0.1942,69.2,10.6,8.9,32.6,0.1,0.3,0.2,0.1,0.0,0.9,0.3
Los Angeles Council District 13,258882,0.1859,0.6971,0.117,0.0322,0.5424,0.2376,0.1852,0.0017,0.0008,0.2297,0.4886,0.4957,0.2660,83.76,0.564,0.365,0.2635,0.1863,0.2354,0.3148,39448,5,0.899,0.6182,0.6163,0.8372,0.3557,0.852,0.145,6,6,0.2385,-,-,0.8564,0.1869,0.1134,38.9370,115.9402,0.1337,22.6405,23.3577,204.462,0.55,0.29,0.14,0.86,3036,0.0487,718,4,22,3,505,7.1713,15.0256,0.0744,3.4857,0.7997,0.0943,6,8,114,451,1746,0.0825,0.3737,0.2333,0.2129,23.0,13.1,7.5,33.3,0.2,0.4,0.2,0.1,0.0,0.8,0.3
Los Angeles Council District 14,259741,0.2148,0.6644,0.1208,0.0584,0.6819,0.1286,0.1279,0.0025,0.0007,0.2189,0.4399,0.3779,0.1844,82.72,0.543,0.3375,0.3396,0.1964,0.2224,0.2416,45157,6,0.905,0.5807,0.6137,1.0496,0.3689,0.6432,0.121,9,8,0.2111,-,-,0.858,0.2841,0.1275,43.3669,127.3164,0.1303,20.4385,20.9087,206.106,0.52,0.264,0.326,0.674,5590,**,1051,6,25,24,91,7.4286,17.7176,0.0782,4.3572,0.8559,0.0972,8,12,64,283,1473,0.0874,0.2872,0.1319,0.2537,23.7,**,9.9,43.5,0.1,0.4,0.2,0.2,0.1,0.8,0.3
Los Angeles Council District 15,269467,0.2741,0.6188,0.1071,0.1272,0.6377,0.1634,0.0648,0.0022,0.0048,0.2472,0.4887,0.3177,0.1367,81.16,0.523,0.3137,0.3079,0.2505,0.2733,0.1683,46423,4,0.902,0.6176,0.5603,2.5648,0.3491,0.517,0.101,3,2,0.2979,-,-,0.8261,0.2736,0.1266,31.4835,79.2781,0.1355,28.6300,26.3520,215.8852,0.519,0.273,0.399,0.601,1773,0.0673,697,11,12,66,"2,347",9.6783,24.6432,0.0678,5.4143,0.8285,0.0804,9,9,27,215,400,0.0625,0.2989,0.1400,0.2344,20.2,**,12.6,33.6,0.1,0.5,0.2,0.1,0.0,0.8,0.4
"Los Angeles, City of",4032993,0.2221,0.6574,0.1205,0.0912,0.5004,0.2888,0.1168,0.0017,0.0011,0.2031,0.4241,0.382,0.1575,82.47,0.556,0.3758,0.2453,0.1963,0.2387,0.3197,50205,72,0.912,0.6514,0.6215,4.72,0.3631,0.6835,0.121,58,52,0.2172,"884,921",0.5600,0.771,0.2193,0.1006,37.0161,136.0800,0.1238,25.8314,23.7393,205.099,0.531,0.287,0.368,0.632,28464,0.0616,620,6,15,21,"5,192",6.1900,15.1265,0.0744,4.4088,0.8483,0.0925,8,7,45,230,703,0.0755,0.2867,0.1348,0.2245,28.6,20.3,8.2,35.7,0.2,0.4,0.2,0.1,0.0,0.8,0.3
Lynwood,72189,0.2946,0.6337,0.0718,0.0996,0.8695,0.0217,0.0056,0.0011,0.0026,0.2306,0.5889,0.3896,0.1797,81.34,0.508,0.353,0.4723,0.2633,0.2043,0.0601,43109,1,0.906,0.595,0.6174,0.5712,0.3135,0.567,0.12,0,0,0.2004,"18,177",0.6900,0.9316,0.3225,0.1195,38.4788,106.1501,0.0813,35.9518,35.4839,225.387,0.605,0.297,0.435,0.565,118,0.0813,650,7,10,71,1,8.1989,25.6546,0.0629,4.2032,0.8807,0.062,**,5,16,99,282,0.135,0.3781,0.1054,0.1837,13.9,**,**,40.7,0.1,0.4,0.2,0.1,0.0,0.9,0.2
Manhattan Beach,35170,0.2216,0.6243,0.1541,0.0086,0.0746,0.8182,0.096,0.0014,0.0013,0.0304,0.0652,0.1152,**,83.97,0.819,0.8305,0.0216,0.0637,0.1792,0.7355,143527,1,0.962,0.7585,0.775,4.5573,0.4435,0.6644,0.106,1,0,**,"1,675",0.0900,0.0312,0.0857,0.0405,**,213.2899,0.0894,24.6435,28.3617,133.239,0.331,0.133,0.681,0.319,4,**,151,**,33,92,6,**,**,0.04,**,0.9683,0.1697,10,**,-,45,72,0.023,0.0396,**,0.0948,98.6,92.4,**,38.8,0.2,0.2,0.3,0.1,**,0.9,0.3
Maywood,28130,0.298,0.622,0.08,0.0018,0.9734,0.021,0.0024,0.0009,0.0005,0.2805,0.7223,0.4524,0.3100,86.76,0.406,0.3739,0.5884,0.2159,0.1484,0.0473,35582,1,0.929,0.617,0.6575,0.2552,0.2864,0.916,0.092,0,0,**,"8,485",0.5500,0.877,0.2925,0.0929,**,**,0.09,28.0273,**,173.533,0.577,0.317,0.256,0.744,125,0.0785,434,**,16,65,1,11.6746,25.5381,0.046,**,0.8682,0.072,**,**,18,94,299,0.0698,0.4209,0.1104,0.2689,13.2,**,**,**,0.1,0.6,0.2,0.1,**,0.9,0.3
Monrovia,37467,0.2219,0.6383,0.1398,0.0657,0.3988,0.4106,0.1203,0.0023,0.0023,0.0986,0.2435,0.2526,0.0737,81.54,0.66,0.4785,0.112,0.1973,0.3252,0.3656,70358,1,0.909,0.6827,0.724,0.9083,0.3717,0.6666,0.144,1,1,0.1849,"4,258",0.5800,0.5873,0.1778,0.1051,43.5855,169.0734,0.1187,31.1158,38.8853,215.725,0.429,0.188,0.487,0.513,61,0.0817,160,**,22,51,0,**,10.9514,0.0833,**,0.8756,0.0966,6,**,12,69,263,0.0369,0.1973,0.1147,0.1467,67.1,30.2,**,41.5,0.2,0.3,0.2,0.1,0.0,0.8,0.1
Montebello,63732,0.2361,0.6114,0.1525,0.0066,0.7986,0.0844,0.1081,0.0016,0.0008,0.1408,0.413,0.3748,0.2185,82.95,0.452,0.3147,0.283,0.2912,0.2386,0.1872,45875,2,0.937,0.5548,0.6634,1.306,0.3659,0.4436,0.182,0,0,**,"10,482",0.7300,0.8046,0.2713,0.1048,43.9160,116.6006,0.1367,22.3166,21.6667,198.065,0.496,0.248,0.454,0.546,52,0.0638,336,4,14,52,710,5.6013,14.5283,0.0744,4.1376,0.8868,0.0506,5,5,25,114,286,0.0583,0.3236,0.1551,0.2238,25.8,**,**,29.6,0.2,0.6,0.2,0.1,0.0,0.9,0.2
Monterey Park,61121,0.1724,0.6155,0.2121,0.0033,0.2743,0.0458,0.6754,0.001,0.0003,0.1414,0.4133,0.536,0.2847,86.3,0.6,0.5832,0.2127,0.2443,0.2385,0.3044,54097,1,0.912,0.4655,0.6048,1.4436,0.236,0.5435,0.086,1,1,0.1807,"10,927",0.3300,0.6206,0.1058,0.1222,42.0053,111.8035,0.2038,24.2785,14.6091,145.13,0.454,0.238,0.52,0.48,7,0.0671,214,**,14,4,31,**,5.1257,0.0572,**,0.8655,0.0442,**,**,12,59,155,0.0676,0.2322,0.0856,0.3448,32.1,**,**,31.5,0.1,0.2,0.3,0,**,-,0
Norwalk,104869,0.2438,0.6379,0.1184,0.043,0.699,0.1224,0.1291,0.0026,0.0038,0.1261,0.4175,0.345,0.1505,82.23,0.507,0.4035,0.2651,0.2713,0.3096,0.1539,59756,2,0.922,0.5834,0.654,0.847,0.3289,0.7391,0.113,1,1,0.1773,"16,543",0.7400,0.8032,0.3187,0.1256,33.0638,127.7068,0.1237,24.4707,39.3429,227.83,0.447,0.201,0.631,0.369,256,0.0836,400,6,10,50,26,6.2743,16.3330,0.0607,2.9793,0.8649,0.0603,7,5,27,108,259,0.0787,0.2698,0.0813,0.1645,39.1,11.8,**,29.7,0.1,0.4,0.3,0.1,0.0,1.0,0.2
Palmdale,159690,0.2807,0.6328,0.0864,0.1545,0.5498,0.2498,0.0413,0.0031,0.0014,0.2018,0.4764,0.2624,0.1000,78.51,0.409,0.2855,0.2583,0.2592,0.3341,0.1483,52392,1,0.887,0.6881,0.613,1.6178,0.3971,0.2773,0.318,0,0,0.2637,"39,465",0.6700,0.7506,0.3054,0.1217,41.2809,128.0919,0.1705,34.3424,55.9405,236.912,0.489,0.238,0.632,0.368,212,0.1634,436,6,9,95,5,7.8934,22.3927,0.0925,5.4717,0.687,0.0964,10,7,12,131,227,0.0729,0.2223,0.1108,0.2521,24.4,19.0,**,43.4,0.1,0.4,0.3,0.1,0.1,0.8,0.3
Paramount,56225,0.2872,0.632,0.0807,0.1208,0.7865,0.0541,0.0295,0.0015,0.0076,0.2237,0.5509,0.3771,0.1615,80.54,0.375,0.3279,0.4206,0.2585,0.2388,0.0822,45792,1,0.912,0.5769,0.5774,0.9541,0.3351,0.5658,0.109,1,1,0.2555,"13,746",0.6500,0.939,0.2782,0.1288,40.2059,115.8592,0.1116,34.1295,39.3605,219.086,0.52,0.272,0.39,0.61,50,0.1464,557,9,12,76,4,7.4554,20.9076,0.0648,4.8042,0.8473,0.073,**,5,22,132,260,0.0853,0.3231,0.0963,0.1964,18.1,**,**,41.0,0.1,0.5,0.2,0.1,0.1,0.9,0.4
Pasadena,140883,0.2012,0.6477,0.1511,0.1034,0.3442,0.3919,0.1581,0.0015,0.0008,0.1306,0.2262,0.3037,0.0886,81.85,0.743,0.4489,0.1257,0.1385,0.2354,0.5004,72402,10,0.933,0.7105,0.7029,2.7184,0.3855,0.5965,0.103,3,3,0.1438,"22,495",0.5000,0.6313,0.2233,0.0823,38.1364,161.0131,0.1071,24.3354,30.7421,213.696,0.429,0.21,0.436,0.564,530,0.0861,339,4,24,43,0,4.8622,11.0211,0.0693,4.1508,0.8893,0.1247,6,5,19,72,390,0.0509,0.1863,0.1377,0.1659,66.4,30.1,**,35.4,0.2,0.3,0.3,0.1,0.0,0.8,0.6
Pico Rivera,64052,0.2396,0.6227,0.1377,0.0064,0.9143,0.0516,0.0256,0.0018,0.0003,0.1241,0.3804,0.3312,0.1333,82.28,0.586,0.3627,0.3184,0.3011,0.2689,0.1116,55752,2,0.905,0.618,0.6817,1.2827,0.3515,0.5306,0.111,1,1,0.2028,"10,244",0.6400,0.7413,0.2969,0.1196,44.2745,130.2484,0.1264,19.4680,19.3882,202.833,0.432,0.201,0.666,0.334,105,0.0834,343,5,16,49,30,2.9188,12.3237,0.0705,**,0.8688,0.0694,6,**,25,118,272,0.0874,0.3114,0.1023,0.1765,34.9,**,**,29.5,0.1,0.5,0.3,0.1,0.0,0.9,0.2
Pomona,155212,0.2668,0.6395,0.0937,0.0692,0.7123,0.1248,0.0898,0.0022,0.0017,0.2012,0.5234,0.3415,0.1381,79.81,0.5,0.2745,0.325,0.2478,0.2515,0.1757,49186,1,0.899,0.6093,0.5894,1.4864,0.3498,0.5042,0.149,2,1,0.1995,"35,595",0.7300,0.8481,0.3119,0.1073,41.1797,123.7828,0.1126,29.0547,37.7932,237.925,0.507,0.25,0.524,0.476,689,0.0779,494,7,12,0,6,9.2829,24.9722,0.0599,4.7876,0.86,0.0699,8,7,18,162,297,0.0792,0.2953,0.0959,0.2329,18.8,15.6,**,33.8,0.1,0.4,0.2,0.1,0.0,0.9,0.2
Rancho Palos Verdes,42909,0.1685,0.5855,0.246,0.0236,0.0869,0.5602,0.327,0.0012,0.001,0.0365,0.0765,0.2726,0.0768,85.37,0.894,0.7758,0.024,0.1011,0.2254,0.6494,118780,1,0.96,0.7256,0.7699,10.1229,0.3212,0.3866,0.134,0,0,**,"2,181",0.1300,0.2627,0.2028,0.0900,28.2194,194.3820,0.1245,17.7135,20.2592,138.322,0.344,0.169,0.803,0.197,1,**,63,**,7,97,4,**,**,0.058,**,0.8763,0.0831,9,**,-,25,52,0.0254,0.0699,0.0552,0.0755,94.4,53.3,**,29.6,0.1,0.3,0.3,0.1,0.0,-,0.2
Redondo Beach,69316,0.2056,0.6614,0.133,0.0272,0.1567,0.6806,0.1302,0.0025,0.0028,0.0462,0.0957,0.1877,0.0393,83.85,0.829,0.7086,0.0415,0.111,0.2785,0.5689,105145,2,0.939,0.7655,0.7295,2.0252,0.4097,0.7645,0.116,2,0,**,"3,423",0.4400,0.1375,0.1971,0.0599,35.9809,187.2289,0.1029,28.8015,26.8958,177.9619,0.378,0.171,0.499,0.501,216,0.0318,231,**,26,84,169,**,**,0.0672,4.0350,0.922,0.1129,9,5,7,54,140,0.0201,0.094,0.0623,0.1103,93.0,48.6,**,47.4,0.2,0.2,0.2,0.1,0.0,1.0,0.1
Rosemead,55056,0.2036,0.6387,0.1577,0.0034,0.3416,0.0426,0.6112,0.001,0.0002,0.1604,0.4709,0.5627,0.3042,85.05,0.376,0.5329,0.3381,0.2738,0.22,0.1681,44906,1,0.907,0.5224,0.5864,1.04,0.2278,0.7333,0.097,1,1,0.1907,"11,756",0.4800,0.8226,0.1508,0.1037,42.6838,97.0608,0.1717,30.3047,20.2405,156.215,0.522,0.279,0.465,0.535,24,0.0567,303,**,14,29,12,**,8.1411,0.0585,**,0.8581,0.0519,8,**,17,58,82,0.0543,0.2881,**,0.269,17.4,**,**,33.2,0.1,0.2,0.2,0,**,0.9,0.2
Rowland Heights,51206,0.1796,0.6448,0.1756,0.0137,0.2754,0.0974,0.611,0.0008,0.0017,0.1048,0.3109,0.563,0.2732,87.08,0.608,0.5087,0.1556,0.2074,0.2744,0.3626,59534,1,0.953,0.342,0.6195,9.0224,0.2534,0.4661,0.163,0,0,**,-,-,0.6093,0.1848,0.1049,36.0658,127.8173,0.1495,24.2803,17.3051,162.919,0.452,0.213,0.67,0.33,66,**,168,**,12,85,249,3.2598,6.0181,0.0476,1.3376,0.8303,0.0422,7,**,10,40,103,0.0751,0.2713,0.1058,0.2072,44.7,**,**,30.4,0.1,0.3,0.2,0,**,0.9,0.2
San Dimas,34015,0.1753,0.6349,0.1898,0.0303,0.3262,0.5302,0.1098,0.0025,0.001,0.065,0.1275,0.1842,0.0483,80.93,0.675,0.6344,0.0793,0.1903,0.373,0.3573,78034,1,0.928,0.7477,0.7278,53.3203,0.3792,0.5041,0.153,1,1,**,"2,530",0.6200,0.3475,0.3382,0.0747,42.2057,145.7184,0.1418,31.4784,50.6981,237.047,0.385,0.174,0.743,0.257,34,0.0820,241,**,17,14,1,**,3.8351,0.0845,**,0.8895,0.0946,**,**,15,60,120,0.0214,0.1205,0.0866,0.1123,69.9,37.5,**,35.4,0.1,0.4,0.3,0.1,0.0,1.0,0.1
San Fernando,24465,0.2703,0.6303,0.0993,0.0065,0.9286,0.0529,0.0085,0.0028,0.0007,0.2043,0.5118,0.3738,0.1772,84.61,0.653,0.2743,0.4153,0.2641,0.2007,0.1198,55170,1,0.914,0.6077,0.6499,0.9884,0.3493,0.7416,0.098,0,0,0.1934,"4,479",0.6800,0.8572,0.2813,0.1114,**,**,0.109,18.6213,27.1717,189.297,0.479,0.228,0.537,0.463,24,0.0594,540,**,16,24,0,12.7082,16.2138,0.0617,**,0.8399,0.0808,**,**,-,128,304,0.0787,0.2662,0.0856,0.2539,40.5,**,**,**,0.1,0.5,0.2,0.1,0.1,0.9,0.4
San Gabriel,40309,0.1883,0.6467,0.1649,0.0092,0.2587,0.1082,0.622,0.0014,0.0006,0.119,0.3259,0.5478,0.2580,84.1,0.506,0.5534,0.2191,0.2533,0.222,0.3057,51579,1,0.925,0.3125,0.6363,0.3961,0.2524,0.7339,0.093,0,0,**,"6,719",0.3700,0.6409,0.0842,0.1167,34.4892,107.8100,0.1462,24.9097,28.4900,177.612,0.475,0.242,0.48,0.52,9,0.0537,243,**,24,31,0,**,5.4308,0.0411,**,0.8743,0.0562,9,**,14,45,125,0.0658,0.245,0.0843,0.2358,44.0,**,**,38.9,0.1,0.2,0.2,0,**,0.7,0.1
Santa Clarita,195485,0.2287,0.6579,0.1134,0.0339,0.3167,0.5568,0.0889,0.0024,0.0013,0.0954,0.2254,0.2083,0.0522,82.51,0.522,0.5548,0.1103,0.1951,0.3675,0.3271,83554,3,0.925,0.7507,0.7197,4.0211,0.3664,0.358,0.176,2,2,0.1775,"17,929",0.5100,0.3548,0.2528,0.0880,36.1169,156.4241,0.1314,31.0460,35.4848,194.445,0.42,0.176,0.675,0.325,316,0.0855,169,2,15,22,"1,174",2.8792,5.0522,0.0691,4.0288,0.8719,0.1126,10,7,11,41,99,0.0546,0.1545,0.0959,0.1675,72.7,34.3,**,40.2,0.1,0.3,0.2,0.1,0.0,0.8,0.2
Santa Monica,93409,0.1429,0.6918,0.1653,0.0374,0.1333,0.7266,0.0996,0.0019,0.0013,0.1027,0.2725,0.2329,0.0600,83.96,0.75,0.742,0.0473,0.0949,0.205,0.6527,76580,4,0.923,0.7593,0.7066,2.9308,0.4376,0.8779,0.062,4,4,0.1645,"12,333",0.2600,0.2748,0.1300,0.0588,35.3339,173.8857,0.0896,25.8042,21.5708,169.6739,0.446,0.23,0.27,0.73,712,0.0737,509,**,35,72,4,**,3.6675,0.0685,**,0.9346,0.1488,11,10,22,135,471,0.0512,0.1129,0.1140,0.1307,83.2,52.5,**,43.6,0.4,0.2,0.2,0.2,0.0,0.9,0.3
South Gate,99741,0.2797,0.6295,0.0908,0.0068,0.9499,0.0344,0.0069,0.0012,0.0007,0.1953,0.513,0.4315,0.2539,84.73,0.387,0.37,0.4763,0.2502,0.1977,0.0759,43552,2,0.886,0.5777,0.6243,1.3074,0.3181,0.7935,0.129,1,1,0.2207,"21,617",0.6600,0.8694,0.2791,0.1070,35.6138,109.2488,0.096,19.0750,25.5778,177.968,0.571,0.28,0.453,0.547,122,0.0795,662,4,11,56,2,5.9880,20.2595,0.0659,5.0686,0.8384,0.06,6,5,32,118,285,0.1008,0.3668,0.1262,0.2647,16.0,**,**,23.7,0.1,0.5,0.2,0.1,0.0,0.9,0.4
South Pasadena,25937,0.1988,0.6509,0.1503,0.0279,0.1932,0.4332,0.3443,0.0011,0.0002,0.0646,0.1645,0.2663,0.0667,85.85,0.734,0.7792,0.0455,0.1099,0.2542,0.5904,78957,1,0.956,0.7082,0.7808,1.547,0.348,0.683,0.1,1,1,**,"2,309",0.2300,0.1336,0.1306,0.0850,45.7859,154.4130,0.0927,21.1066,13.1396,163.161,0.4,0.174,0.435,0.565,9,0.0498,104,**,13,38,0,**,**,0.0682,**,0.8894,0.0857,**,**,-,56,186,0.0742,0.1561,0.1452,0.1517,87.4,28.2,**,33.6,0.2,0.2,0.3,0.1,0.0,1.0,0.2
South Whittier,58315,0.2486,0.6438,0.1076,0.0115,0.7766,0.1688,0.0392,0.0025,0.0014,0.1239,0.3821,0.268,0.0957,82.3,0.522,0.3991,0.2502,0.2909,0.3095,0.1494,62592,1,0.931,0.6849,0.6594,0.5363,0.3594,0.6969,0.087,0,0,0.1511,-,-,0.7567,0.3403,0.1240,38.2590,139.0585,0.112,26.5700,25.1578,191.873,0.445,0.211,0.64,0.36,230,0.0775,226,**,9,62,37,3.6557,15.2875,0.0765,3.9246,0.8834,0.0729,7,6,14,107,185,0.0698,0.2513,0.0875,0.1791,38.4,**,**,36.2,0.1,0.4,0.2,0.1,0.0,1.0,0.4
Temple City,36580,0.179,0.6407,0.1803,0.0072,0.1986,0.2104,0.5822,0.001,0.0006,0.0829,0.2215,0.4646,0.1721,83.7,0.555,0.6023,0.1377,0.2098,0.2799,0.3726,64372,1,0.941,0.4721,0.6702,0.4796,0.2586,0.543,0.122,1,1,**,"4,289",0.3700,0.4148,0.0996,0.1271,39.5506,146.1983,0.1304,36.6104,29.4943,182.899,0.42,0.194,0.656,0.344,19,0.0812,134,**,11,18,1,**,4.7122,0.0462,**,0.8792,0.0518,**,**,-,19,71,0.0584,0.1928,0.0602,0.1584,54.5,**,**,47.7,0.1,0.2,0.2,0,0.0,1.0,0.2
Torrance,146686,0.1949,0.6394,0.1658,0.027,0.1698,0.4157,0.3821,0.0021,0.0033,0.0622,0.1291,0.2878,0.0988,83.45,0.703,0.5967,0.0655,0.1737,0.3019,0.4589,79549,6,0.943,0.7082,0.7261,1.9775,0.3279,0.6409,0.098,2,0,0.1244,"12,500",0.3300,0.2566,0.1695,0.0792,36.1223,181.0693,0.1345,27.3976,27.0215,184.783,0.393,0.171,0.551,0.449,107,0.0622,176,2,20,90,"1,154",**,2.8872,0.0665,4.0739,0.8699,0.0625,10,5,5,50,88,0.0423,0.1257,0.0980,0.1561,76.9,37.9,**,39.4,0.1,0.3,0.3,0.1,0.0,1.0,0.1
Valinda,24747,0.2535,0.636,0.1106,0.0181,0.7942,0.0646,0.1203,0.0014,0.0015,0.0976,0.2902,0.3713,0.1078,82.62,0.57,0.4069,0.3384,0.3008,0.2404,0.1204,65849,0,0.893,0.569,0.6665,0.3818,0.3339,0.734,0.141,0,0,**,-,-,0.871,0.3750,0.1006,**,97.1630,0.0998,21.9793,18.2236,185.6737,0.4,0.197,0.783,0.217,4,0.0716,137,**,5,10,5,6.0606,13.7374,0.0784,**,0.9148,0.0666,**,**,24,111,205,0.0746,0.3011,0.0612,0.1634,47.5,**,**,**,0.1,0.4,0.2,0.1,0.0,-,0.2
Walnut,30068,0.1546,0.6639,0.1815,0.026,0.1921,0.1207,0.6593,0.0009,0.0009,0.0492,0.1496,0.4935,0.1589,87.46,0.586,0.717,0.07,0.1343,0.2717,0.5241,100184,1,0.937,0.6507,0.6796,6.7574,0.265,0.3277,0.221,1,1,**,"2,185",0.2400,0.1927,0.1930,0.0812,35.2198,169.9555,0.1171,21.0763,19.4735,144.615,0.38,0.152,0.854,0.146,3,**,83,**,5,23,5,**,**,0.0644,**,0.8531,0.0551,**,**,-,47,-,0.0398,0.1255,**,0.1534,85.3,**,**,34.3,0.1,0.2,0.2,0,**,1.0,0.1
West Covina,107688,0.2149,0.6373,0.1478,0.0408,0.5311,0.1464,0.278,0.0022,0.0014,0.0913,0.264,0.3437,0.1061,82.08,0.709,0.558,0.169,0.2452,0.3207,0.2651,69189,1,0.929,0.6566,0.6796,1.4004,0.3197,0.4549,0.092,1,1,0.1953,"13,028",0.5900,0.6783,0.2751,0.1048,41.4239,140.8912,0.1213,28.6194,31.6629,193.043,0.38,0.179,0.729,0.271,48,0.0825,246,4,11,15,7,3.0934,12.8893,0.073,4.7811,0.9011,0.0558,6,6,17,77,141,0.0578,0.2044,0.0848,0.1781,57.3,17.4,**,33.6,0.1,0.4,0.3,0.1,0.0,1.0,0.1
West Hollywood,35797,0.0639,0.7801,0.156,0.031,0.1081,0.7984,0.0603,0.0014,0.0008,0.1403,0.2798,0.2587,0.1023,85.13,0.613,0.6872,0.0456,0.0884,0.2404,0.6257,56317,1,0.921,0.7424,0.694,0.4663,0.4774,0.985,0.062,1,0,0.1896,"6,312",0.1600,0.3988,0.2207,0.0804,48.6356,157.5777,0.1123,30.5689,21.2612,176.887,0.483,0.265,0.201,0.799,81,0.0652,768,**,61,29,14,**,**,0.0882,**,0.892,0.1503,11,7,499,2193,6923,0.0503,0.1661,0.2017,0.2119,70.6,30.6,**,53.0,0.4,0.2,0.2,0.2,**,0.6,0.2
West Whittier-Los Nietos,25441,0.2426,0.6253,0.1321,0.008,0.8775,0.0954,0.0147,0.0032,0.0013,0.0912,0.2858,0.2691,0.0987,80.48,0.596,0.4428,0.2858,0.317,0.2711,0.1262,65363,2,0.939,0.668,0.6721,0.4513,0.3835,0.4991,0.107,0,0,0.1771,-,-,0.846,0.3584,0.1234,**,140.2844,0.1096,19.4198,29.9147,217.175,0.417,0.185,0.721,0.279,36,0.1183,307,**,9,26,4,6.7825,18.2281,0.075,**,0.8846,0.0791,**,**,21,167,252,0.0981,0.2549,0.0933,0.1884,41.2,**,**,**,0.1,0.4,0.2,0.1,0.0,1.0,0.3
Westmont,32835,0.2823,0.6208,0.0968,0.4945,0.4912,0.0096,0.0025,0.0012,0.0009,0.3546,0.6729,0.2324,0.1142,76.57,0.345,0.2231,0.3041,0.2962,0.3272,0.0725,26808,1,0.856,0.7186,0.5008,0.0561,0.335,0.1988,0.184,0,0,**,-,-,0.8828,0.3195,0.1852,52.7592,141.3421,0.1554,36.1859,41.7489,308.483,0.661,0.407,0.306,0.694,365,**,1514,32,7,69,15,16.0714,25.0000,0.0774,6.0514,0.7857,0.0703,**,**,41,494,675,0.0535,0.3203,0.1384,0.3067,0.6,**,**,46.9,0.2,0.4,0.3,0,0.1,0.8,0.4
Whittier,88078,0.2304,0.6385,0.1311,0.0098,0.675,0.2752,0.0361,0.0028,0.0011,0.1081,0.3274,0.177,0.0542,81.83,0.367,0.5115,0.1672,0.2376,0.3531,0.2421,66457,2,0.937,0.68,0.6929,0.9973,0.3804,0.393,0.125,1,1,0.1723,"11,826",0.5900,0.5871,0.2773,0.1291,39.3110,152.1715,0.1154,24.3178,25.8459,199.017,0.42,0.181,0.569,0.431,258,0.0836,293,3,16,63,696,3.9054,10.8235,0.0701,3.1056,0.8938,0.0756,8,6,23,99,209,0.058,0.1739,0.0890,0.1616,53.8,29.5,**,35.1,0.2,0.3,0.3,0.1,0.0,0.9,0.4
Los Angeles County,10227450,0.2253,0.6471,0.1276,0.0846,0.4876,0.2804,0.1431,0.0019,0.0024,0.1673,0.3766,0.3472,0.1374,82.33,0.5417,0.4326,0.2272,0.2068,0.2633,0.3027,56196,,0.9162,0.6403,0.6404,8.1,0.3413,0.6185,0.125,-,-,0.2922,"1,776,820",0.6600,0.6721,0.2352,0.0983,37.8681,140.5242,0.1328,27.0697,27.8900,204.8349,0.4901,0.2505,0.46,0.5403,46874,0.0737,551,6,15,-,-,8.5211,29.2264,0.0714,4.2032,0.8505,0.0861,8,7,33,180,492,0.0724,0.2528,0.1138,0.2358,-,21.6,7.7,36.4,0.1,0.4,0.2,0.1,0.0,0.8,0.3
